ID_Controle_Automatique,Nom_Controle,Type_Donnee,Description,Statut
1,Contrôle 1,Données actuarielles,Description du contrôle 1,Échoué
2,Contrôle 2,Données comptables,Description du contrôle 2,Passé
3,Contrôle 3,Données financières,Description du contrôle 3,Échoué
4,Contrôle 4,Données actuarielles,Description du contrôle 4,Passé
5,Contrôle 5,Données comptables,Description du contrôle 5,Échoué
6,Contrôle 6,Données actuarielles,Description du contrôle 6,Échoué
7,Contrôle 7,Données financières,Description du contrôle 7,Passé
8,Contrôle 8,Données financières,Description du contrôle 8,Échoué
9,Contrôle 9,Données financières,Description du contrôle 9,Passé
10,Contrôle 10,Données actuarielles,Description du contrôle 10,Passé
11,Contrôle 11,Données actuarielles,Description du contrôle 11,Passé
12,Contrôle 12,Données comptables,Description du contrôle 12,Échoué
13,Contrôle 13,Données financières,Description du contrôle 13,Échoué
14,Contrôle 14,Données actuarielles,Description du contrôle 14,Échoué
15,Contrôle 15,Données financières,Description du contrôle 15,Passé
16,Contrôle 16,Données financières,Description du contrôle 16,Passé
17,Contrôle 17,Données comptables,Description du contrôle 17,Échoué
18,Contrôle 18,Données comptables,Description du contrôle 18,Échoué
19,Contrôle 19,Données comptables,Description du contrôle 19,Échoué
20,Contrôle 20,Données comptables,Description du contrôle 20,Échoué
21,Contrôle 21,Données financières,Description du contrôle 21,Échoué
22,Contrôle 22,Données comptables,Description du contrôle 22,Passé
23,Contrôle 23,Données comptables,Description du contrôle 23,Passé
24,Contrôle 24,Données comptables,Description du contrôle 24,Passé
25,Contrôle 25,Données comptables,Description du contrôle 25,Échoué
26,Contrôle 26,Données financières,Description du contrôle 26,Passé
27,Contrôle 27,Données comptables,Description du contrôle 27,Passé
28,Contrôle 28,Données financières,Description du contrôle 28,Passé
29,Contrôle 29,Données actuarielles,Description du contrôle 29,Passé
30,Contrôle 30,Données financières,Description du contrôle 30,Passé
31,Contrôle 31,Données financières,Description du contrôle 31,Échoué
32,Contrôle 32,Données comptables,Description du contrôle 32,Passé
33,Contrôle 33,Données actuarielles,Description du contrôle 33,Échoué
34,Contrôle 34,Données actuarielles,Description du contrôle 34,Échoué
35,Contrôle 35,Données actuarielles,Description du contrôle 35,Échoué
36,Contrôle 36,Données actuarielles,Description du contrôle 36,Échoué
37,Contrôle 37,Données financières,Description du contrôle 37,Échoué
38,Contrôle 38,Données actuarielles,Description du contrôle 38,Passé
39,Contrôle 39,Données financières,Description du contrôle 39,Passé
40,Contrôle 40,Données financières,Description du contrôle 40,Échoué
41,Contrôle 41,Données financières,Description du contrôle 41,Échoué
42,Contrôle 42,Données actuarielles,Description du contrôle 42,Échoué
43,Contrôle 43,Données comptables,Description du contrôle 43,Passé
44,Contrôle 44,Données comptables,Description du contrôle 44,Échoué
45,Contrôle 45,Données actuarielles,Description du contrôle 45,Passé
46,Contrôle 46,Données comptables,Description du contrôle 46,Échoué
47,Contrôle 47,Données comptables,Description du contrôle 47,Passé
48,Contrôle 48,Données financières,Description du contrôle 48,Échoué
49,Contrôle 49,Données financières,Description du contrôle 49,Passé
50,Contrôle 50,Données actuarielles,Description du contrôle 50,Échoué
51,Contrôle 51,Données actuarielles,Description du contrôle 51,Passé
52,Contrôle 52,Données comptables,Description du contrôle 52,Passé
53,Contrôle 53,Données financières,Description du contrôle 53,Passé
54,Contrôle 54,Données actuarielles,Description du contrôle 54,Passé
55,Contrôle 55,Données actuarielles,Description du contrôle 55,Passé
56,Contrôle 56,Données actuarielles,Description du contrôle 56,Passé
57,Contrôle 57,Données actuarielles,Description du contrôle 57,Passé
58,Contrôle 58,Données actuarielles,Description du contrôle 58,Échoué
59,Contrôle 59,Données actuarielles,Description du contrôle 59,Échoué
60,Contrôle 60,Données comptables,Description du contrôle 60,Échoué
61,Contrôle 61,Données financières,Description du contrôle 61,Échoué
62,Contrôle 62,Données financières,Description du contrôle 62,Échoué
63,Contrôle 63,Données actuarielles,Description du contrôle 63,Passé
64,Contrôle 64,Données financières,Description du contrôle 64,Passé
65,Contrôle 65,Données financières,Description du contrôle 65,Passé
66,Contrôle 66,Données financières,Description du contrôle 66,Passé
67,Contrôle 67,Données actuarielles,Description du contrôle 67,Passé
68,Contrôle 68,Données actuarielles,Description du contrôle 68,Échoué
69,Contrôle 69,Données financières,Description du contrôle 69,Échoué
70,Contrôle 70,Données financières,Description du contrôle 70,Échoué
71,Contrôle 71,Données actuarielles,Description du contrôle 71,Échoué
72,Contrôle 72,Données comptables,Description du contrôle 72,Passé
73,Contrôle 73,Données financières,Description du contrôle 73,Passé
74,Contrôle 74,Données comptables,Description du contrôle 74,Passé
75,Contrôle 75,Données financières,Description du contrôle 75,Échoué
76,Contrôle 76,Données comptables,Description du contrôle 76,Passé
77,Contrôle 77,Données comptables,Description du contrôle 77,Échoué
78,Contrôle 78,Données comptables,Description du contrôle 78,Passé
79,Contrôle 79,Données actuarielles,Description du contrôle 79,Passé
80,Contrôle 80,Données comptables,Description du contrôle 80,Échoué
81,Contrôle 81,Données comptables,Description du contrôle 81,Passé
82,Contrôle 82,Données comptables,Description du contrôle 82,Passé
83,Contrôle 83,Données financières,Description du contrôle 83,Échoué
84,Contrôle 84,Données comptables,Description du contrôle 84,Passé
85,Contrôle 85,Données financières,Description du contrôle 85,Échoué
86,Contrôle 86,Données comptables,Description du contrôle 86,Passé
87,Contrôle 87,Données comptables,Description du contrôle 87,Passé
88,Contrôle 88,Données actuarielles,Description du contrôle 88,Passé
89,Contrôle 89,Données financières,Description du contrôle 89,Passé
90,Contrôle 90,Données comptables,Description du contrôle 90,Passé
91,Contrôle 91,Données financières,Description du contrôle 91,Passé
92,Contrôle 92,Données financières,Description du contrôle 92,Passé
93,Contrôle 93,Données actuarielles,Description du contrôle 93,Passé
94,Contrôle 94,Données actuarielles,Description du contrôle 94,Échoué
95,Contrôle 95,Données actuarielles,Description du contrôle 95,Échoué
96,Contrôle 96,Données actuarielles,Description du contrôle 96,Passé
97,Contrôle 97,Données actuarielles,Description du contrôle 97,Passé
98,Contrôle 98,Données actuarielles,Description du contrôle 98,Échoué
99,Contrôle 99,Données actuarielles,Description du contrôle 99,Passé
100,Contrôle 100,Données actuarielles,Description du contrôle 100,Passé
